{"0.6322897407693218":{"user_id":2},"0.6041897101853735":{"user_id":2},"0.4790037061696997":{"user_id":1},"0.8116755123884765":{"user_id":1},"0.7565932798056134":{"user_id":2},"0.7264839690508387":{"user_id":3},"0.36362010467239037":{"user_id":1},"0.3958529537751174":{"user_id":3}}